GROUP,PACKAGE,CLASS,INSTRUCTION_MISSED,INSTRUCTION_COVERED,BRANCH_MISSED,BRANCH_COVERED,LINE_MISSED,LINE_COVERED,COMPLEXITY_MISSED,COMPLEXITY_COVERED,METHOD_MISSED,METHOD_COVERED
Oversigt Core,com.hlag.oversigt.security,LdapAuthenticator,414,0,18,0,99,0,21,0,12,0
Oversigt Core,com.hlag.oversigt.security,RoleProvider,97,0,4,0,24,0,6,0,4,0
Oversigt Core,com.hlag.oversigt.security,OversigtIdentityManager,32,0,2,0,9,0,5,0,4,0
Oversigt Core,com.hlag.oversigt.security,MapAuthenticator,91,0,6,0,20,0,11,0,8,0
Oversigt Core,com.hlag.oversigt.security,Roles,97,0,6,0,16,0,9,0,6,0
Oversigt Core,com.hlag.oversigt.security,Role,146,0,4,0,25,0,14,0,12,0
Oversigt Core,com.hlag.oversigt.security,Principal,187,0,13,0,43,0,22,0,15,0
Oversigt Core,com.hlag.oversigt.security,OversigtIdentityManager.OversigtAccount,19,0,0,0,5,0,3,0,3,0
Oversigt Core,com.hlag.oversigt.security,Authenticator.NoAuthenticator,11,0,0,0,7,0,6,0,6,0
Oversigt Core,com.hlag.oversigt.util,TypeUtils,1180,18,146,0,218,4,132,3,59,3
Oversigt Core,com.hlag.oversigt.util,ClassRenameDetector,287,0,20,0,54,0,22,0,12,0
Oversigt Core,com.hlag.oversigt.util,TypeUtils.ReturnValue,34,0,0,0,8,0,5,0,5,0
Oversigt Core,com.hlag.oversigt.util,SimpleReadWriteLock,33,0,0,0,10,0,3,0,3,0
Oversigt Core,com.hlag.oversigt.util,TypeUtils.SerializablePropertyMember.Type,93,0,14,0,15,0,9,0,2,0
Oversigt Core,com.hlag.oversigt.util,TypeUtils.SerializablePropertyMember,261,0,16,0,54,0,25,0,17,0
Oversigt Core,com.hlag.oversigt.util,MailSender.new Authenticator() {...},28,0,4,0,4,0,4,0,2,0
Oversigt Core,com.hlag.oversigt.util,HttpUtils,279,0,32,0,46,0,23,0,7,0
Oversigt Core,com.hlag.oversigt.util,StringUtils,33,0,4,0,8,0,4,0,2,0
Oversigt Core,com.hlag.oversigt.util,ClassPathResourceManager,81,0,6,0,21,0,11,0,8,0
Oversigt Core,com.hlag.oversigt.util,TypeUtils.new StdSerializer() {...},10,7,0,0,2,1,1,1,1,1
Oversigt Core,com.hlag.oversigt.util,TypeUtils.new StdDeserializer() {...},8,7,0,0,1,1,1,1,1,1
Oversigt Core,com.hlag.oversigt.util,TypeUtils.ClassProxy,38,0,0,0,9,0,4,0,4,0
Oversigt Core,com.hlag.oversigt.util,Utils,464,50,38,4,89,11,61,3,41,2
Oversigt Core,com.hlag.oversigt.util,ClassRenameDetector.KeyDistance,15,0,0,0,6,0,3,0,3,0
Oversigt Core,com.hlag.oversigt.util,TypeUtils.IndexOfComparator,18,0,0,0,4,0,2,0,2,0
Oversigt Core,com.hlag.oversigt.util,SSLUtils,122,0,0,0,28,0,8,0,8,0
Oversigt Core,com.hlag.oversigt.util,ImageUtil,124,0,8,0,22,0,14,0,10,0
Oversigt Core,com.hlag.oversigt.util,SSLUtils.TLSConfiguration,21,0,0,0,8,0,2,0,2,0
Oversigt Core,com.hlag.oversigt.util,MailSender,531,0,18,0,111,0,28,0,19,0
Oversigt Core,com.hlag.oversigt.util,TypeUtils.SerializablePropertyMember.MemberMissingException,4,0,0,0,2,0,1,0,1,0
Oversigt Core,com.hlag.oversigt.util,CountingThreadFactory,64,0,2,0,15,0,8,0,7,0
Oversigt Core,com.hlag.oversigt.util,FileUtils,722,0,97,0,172,0,80,0,28,0
Oversigt Core,com.hlag.oversigt.util,JsonUtils,955,104,110,10,208,21,76,16,20,12
Oversigt Core,com.hlag.oversigt.util,SSLUtils.new X509TrustManager() {...},8,0,0,0,4,0,4,0,4,0
Oversigt Core,com.hlag.oversigt.util,LazyInitializedReference,79,0,6,0,21,0,8,0,5,0
Oversigt Core,com.hlag.oversigt.util,GrowingExecutor,423,0,22,0,108,0,25,0,14,0
Oversigt Core,com.hlag.oversigt.web.api,Wro4jExecutor.ConfigurableWroManagerFactory.1.new XmlModelFactory() {...},16,0,0,0,2,0,2,0,2,0
Oversigt Core,com.hlag.oversigt.web.api,ApiApplication.DurationConverter,60,0,4,0,12,0,4,0,2,0
Oversigt Core,com.hlag.oversigt.web.api,ApiApplication,106,0,4,0,20,0,4,0,2,0
Oversigt Core,com.hlag.oversigt.web.api,ApiExceptionHandler,154,0,8,0,32,0,8,0,4,0
Oversigt Core,com.hlag.oversigt.web.api,LoggingInterceptor,277,0,40,0,57,0,26,0,6,0
Oversigt Core,com.hlag.oversigt.web.api,ApiAuthenticationFilter.ApiSecurityContext,25,0,0,0,8,0,5,0,5,0
Oversigt Core,com.hlag.oversigt.web.api,ApiBootstrapListener.ApiModule,78,0,0,0,17,0,2,0,2,0
Oversigt Core,com.hlag.oversigt.web.api,ApiApplication.ColorConverter,55,0,4,0,11,0,4,0,2,0
Oversigt Core,com.hlag.oversigt.web.api,ApiAuthorizationFilter,265,0,32,0,53,0,29,0,13,0
Oversigt Core,com.hlag.oversigt.web.api,Api,6,0,0,0,2,0,1,0,1,0
Oversigt Core,com.hlag.oversigt.web.api,Wro4jExecutor,138,0,0,0,30,0,3,0,3,0
Oversigt Core,com.hlag.oversigt.web.api,JacksonConfig,9,0,0,0,4,0,2,0,2,0
Oversigt Core,com.hlag.oversigt.web.api,ApiValidationInterceptor,88,0,12,0,15,0,8,0,2,0
Oversigt Core,com.hlag.oversigt.web.api,Wro4jExecutor.ConfigurableWroManagerFactory.new ConfigurableLocatorFactory() {...},25,0,2,0,6,0,4,0,3,0
Oversigt Core,com.hlag.oversigt.web.api,Wro4jExecutor.ConfigurableWroManagerFactory.new ConfigurableModelFactory() {...},15,0,0,0,3,0,3,0,3,0
Oversigt Core,com.hlag.oversigt.web.api,CorsFeature,34,0,4,0,11,0,5,0,3,0
Oversigt Core,com.hlag.oversigt.web.api,ApiBootstrapListener.ApiBootstrapException,4,0,0,0,2,0,1,0,1,0
Oversigt Core,com.hlag.oversigt.web.api,ErrorResponse,177,0,6,0,35,0,25,0,22,0
Oversigt Core,com.hlag.oversigt.web.api,ApiAuthenticationUtils,139,0,4,0,34,0,7,0,5,0
Oversigt Core,com.hlag.oversigt.web.api,Wro4jExecutor.ConfigurableWroManagerFactory,55,0,0,0,16,0,6,0,6,0
Oversigt Core,com.hlag.oversigt.web.api,ApiBootstrapListener,463,0,48,0,77,0,40,0,16,0
Oversigt Core,com.hlag.oversigt.web.api,ApiAuthenticationFilter,120,0,10,0,32,0,12,0,7,0
Oversigt Core,com.hlag.oversigt.web.api,ApiValidationException,18,0,0,0,4,0,2,0,2,0
Oversigt Core,com.hlag.oversigt.web.resources,Authentication.AuthData,51,0,0,0,16,0,6,0,6,0
Oversigt Core,com.hlag.oversigt.web.resources,SerializablePropertyResource,482,0,18,0,81,0,20,0,11,0
Oversigt Core,com.hlag.oversigt.web.resources,EventSourceInstanceResource.EventSourceInstanceDetails,92,0,0,0,33,0,10,0,10,0
Oversigt Core,com.hlag.oversigt.web.resources,EventSourceDescriptionResource,37,0,0,0,12,0,3,0,3,0
Oversigt Core,com.hlag.oversigt.web.resources,DashboardResource.DashboardInfo,30,0,0,0,10,0,5,0,5,0
Oversigt Core,com.hlag.oversigt.web.resources,EventSourceInstanceResource.FullEventSourceInstanceInfo,15,0,0,0,6,0,3,0,3,0
Oversigt Core,com.hlag.oversigt.web.resources,SystemResource,512,0,24,0,106,0,46,0,34,0
Oversigt Core,com.hlag.oversigt.web.resources,SystemResource.LoggerInfo,31,0,0,0,8,0,4,0,4,0
Oversigt Core,com.hlag.oversigt.web.resources,DashboardWidgetResource.WidgetDetails,244,0,4,0,61,0,19,0,17,0
Oversigt Core,com.hlag.oversigt.web.resources,EventSourceInstanceResource,511,0,32,0,109,0,40,0,24,0
Oversigt Core,com.hlag.oversigt.web.resources,Authentication,144,0,2,0,30,0,10,0,9,0
Oversigt Core,com.hlag.oversigt.web.resources,EventSourceStatusResource.EventSourceInstanceState,95,0,0,0,33,0,12,0,12,0
Oversigt Core,com.hlag.oversigt.web.resources,SerializablePropertyResource.SerializablePropertyDescription,15,0,0,0,6,0,3,0,3,0
Oversigt Core,com.hlag.oversigt.web.resources,SystemResource.SearchResult,43,0,0,0,16,0,6,0,6,0
Oversigt Core,com.hlag.oversigt.web.resources,DashboardWidgetResource,413,0,38,0,104,0,32,0,13,0
Oversigt Core,com.hlag.oversigt.web.resources,DashboardResource,561,0,60,0,102,0,46,0,16,0
Oversigt Core,com.hlag.oversigt.web.resources,EventSourceDescriptionResource.EventSourceInfo,23,0,0,0,7,0,5,0,5,0
Oversigt Core,com.hlag.oversigt.web.resources,EventSourceInstanceResource.EventSourceInstanceInfo,128,0,0,0,31,0,10,0,10,0
Oversigt Core,com.hlag.oversigt.web.resources,ViewResource,136,0,10,0,28,0,13,0,8,0
Oversigt Core,com.hlag.oversigt.web.resources,SystemResource.ServerInfo,15,0,0,0,6,0,3,0,3,0
Oversigt Core,com.hlag.oversigt.web.resources,DashboardResource.WidgetPosition,38,0,0,0,17,0,11,0,11,0
Oversigt Core,com.hlag.oversigt.web.resources,SystemResource.ThreadInfo,38,0,0,0,12,0,6,0,6,0
Oversigt Core,com.hlag.oversigt.web.resources,EventSourceStatusResource,64,0,2,0,19,0,5,0,4,0
Oversigt Core,com.hlag.oversigt.web.resources,DashboardWidgetResource.WidgetShortInfo,70,0,0,0,27,0,10,0,10,0
Oversigt Core,com.hlag.oversigt.core.configuration,OversigtConfiguration.EventSourceConfiguration,34,0,0,0,8,0,4,0,4,0
Oversigt Core,com.hlag.oversigt.core.configuration,OversigtConfiguration,215,0,2,0,46,0,19,0,18,0
Oversigt Core,com.hlag.oversigt.core.configuration,OversigtConfigurationModule,435,0,16,0,74,0,17,0,9,0
Oversigt Core,com.hlag.oversigt.core.configuration,OversigtConfiguration.MailConfiguration,47,0,0,0,14,0,8,0,8,0
Oversigt Core,com.hlag.oversigt.core.configuration,OversigtConfiguration.HttpListenerConfiguration,27,0,0,0,9,0,5,0,5,0
Oversigt Core,com.hlag.oversigt.core.configuration,OversigtConfigurationModule.new TypeLiteral() {...},3,0,0,0,1,0,1,0,1,0
Oversigt Core,com.hlag.oversigt.core.configuration,WebModule.GuiceConstraintValidatorFactory,55,0,8,0,12,0,10,0,6,0
Oversigt Core,com.hlag.oversigt.core.configuration,OversigtConfigurationModule.new TypeLiteral() {...},3,0,0,0,1,0,1,0,1,0
Oversigt Core,com.hlag.oversigt.core.configuration,OversigtConfigurationModule.new TypeLiteral() {...},3,0,0,0,1,0,1,0,1,0
Oversigt Core,com.hlag.oversigt.core.configuration,OversigtConfiguration.SecurityConfiguration,32,0,0,0,10,0,5,0,5,0
Oversigt Core,com.hlag.oversigt.core.configuration,WroManagerFactory.new ProcessorDecorator() {...},25,0,2,0,5,0,3,0,2,0
Oversigt Core,com.hlag.oversigt.core.configuration,WroManagerFactory.new WroModelFactory() {...},21,0,0,0,5,0,3,0,3,0
Oversigt Core,com.hlag.oversigt.core.configuration,WebModule,69,0,0,0,19,0,3,0,3,0
Oversigt Core,com.hlag.oversigt.core.configuration,OversigtModule,91,0,0,0,23,0,3,0,3,0
Oversigt Core,com.hlag.oversigt.core.configuration,JsonModule,15,138,0,0,3,29,2,6,2,6
Oversigt Core,com.hlag.oversigt.core.configuration,OversigtConfiguration.ApiConfiguration,29,0,0,0,8,0,5,0,5,0
Oversigt Core,com.hlag.oversigt.core.configuration,JsonModule.new Configuration.Defaults() {...},9,12,0,0,3,1,3,1,3,1
Oversigt Core,com.hlag.oversigt.core.configuration,OversigtConfiguration.JiraConfiguration,9,0,0,0,4,0,2,0,2,0
Oversigt Core,com.hlag.oversigt.core.configuration,OversigtConfiguration.ForeignEventsConfiguration,27,0,0,0,10,0,5,0,5,0
Oversigt Core,com.hlag.oversigt.core.configuration,WroManagerFactory.WroGroupContent,165,0,2,0,35,0,15,0,14,0
Oversigt Core,com.hlag.oversigt.core.configuration,OversigtConfiguration.LdapConfiguration,30,0,2,0,10,0,9,0,8,0
Oversigt Core,com.hlag.oversigt.core.configuration,OversigtConfiguration.UiConfiguration,9,0,0,0,4,0,2,0,2,0
Oversigt Core,com.hlag.oversigt.core.configuration,OversigtConfiguration.DatabaseConfiguration,33,0,0,0,12,0,6,0,6,0
Oversigt Core,com.hlag.oversigt.core.configuration,WroManagerFactory.CustomWroConfiguration,8,0,0,0,3,0,1,0,1,0
Oversigt Core,com.hlag.oversigt.core.configuration,WroManagerFactory,76,0,0,0,11,0,4,0,4,0
Oversigt Core,com.hlag.oversigt.core.configuration,OversigtConfiguration.EventManagerConfiguration,16,0,0,0,6,0,3,0,3,0
Oversigt Core,com.hlag.oversigt.connect.exchange,Meeting,54,0,0,0,11,0,6,0,6,0
Oversigt Core,com.hlag.oversigt.connect.exchange,UnlimitedExchangeClient,498,0,28,0,99,0,35,0,21,0
Oversigt Core,com.hlag.oversigt.connect.exchange,ExchangeClientFactory,41,0,4,0,10,0,5,0,3,0
Oversigt Core,com.hlag.oversigt.connect.exchange,Room,74,0,0,0,20,0,9,0,9,0
Oversigt Core,com.hlag.oversigt.connect.exchange,Mail,144,0,4,0,35,0,15,0,13,0
Oversigt Core,com.hlag.oversigt.util.text,XPathFunction,110,0,6,0,30,0,8,0,5,0
Oversigt Core,com.hlag.oversigt.util.text,TextProcessor,172,0,8,0,30,0,16,0,12,0
Oversigt Core,com.hlag.oversigt.util.text,JsonPathFunction,45,0,6,0,14,0,5,0,2,0
Oversigt Core,com.hlag.oversigt.util.text,RegularExpressionFunction,37,0,4,0,12,0,4,0,2,0
Oversigt Core,com.hlag.oversigt.util.text,DatetimeFunction,213,0,25,0,54,0,16,0,3,0
Oversigt Core,com.hlag.oversigt.properties,HttpProxy,52,0,2,0,14,0,8,0,7,0
Oversigt Core,com.hlag.oversigt.properties,Color,1600,0,35,0,383,0,45,0,26,0
Oversigt Core,com.hlag.oversigt.properties,SerializableProperty,53,0,2,0,13,0,9,0,8,0
Oversigt Core,com.hlag.oversigt.properties,Credentials,60,0,0,0,16,0,9,0,9,0
Oversigt Core,com.hlag.oversigt.properties,SerializablePropertyController,320,0,12,0,52,0,31,0,25,0
Oversigt Core,com.hlag.oversigt.properties,ServerConnection,39,0,0,0,10,0,6,0,6,0
Oversigt Core,com.hlag.oversigt.properties,DatabaseConnection,30,0,0,0,8,0,5,0,5,0
Oversigt Core,com.hlag.oversigt.sources.data,DisplayOption,107,0,6,0,23,0,16,0,13,0
Oversigt Core,com.hlag.oversigt.sources.data,JsonHint.ArrayStyle,66,0,0,0,12,0,4,0,4,0
Oversigt Core,com.hlag.oversigt.sources.data,Birthday,50,0,0,0,15,0,6,0,6,0
Oversigt Core,com.hlag.oversigt.sources,InternetTextEventSource,284,0,14,0,63,0,26,0,19,0
Oversigt Core,com.hlag.oversigt.sources,InternetTextExtractionEventSource,214,0,10,0,62,0,20,0,15,0
Oversigt Core,com.hlag.oversigt.sources,GitCommitCountEventSource,39,0,0,0,10,0,3,0,3,0
Oversigt Core,com.hlag.oversigt.sources,AbstractGitCommitEventSource.NameMapping,15,0,0,0,6,0,3,0,3,0
Oversigt Core,com.hlag.oversigt.sources,AbstractDownloadEventSource.LoginData,15,0,0,0,6,0,3,0,3,0
Oversigt Core,com.hlag.oversigt.sources,AbstractSslAwareEventSource,13,0,0,0,5,0,3,0,3,0
Oversigt Core,com.hlag.oversigt.sources,ExchangeMailboxEventSource.CategoryInfo,60,0,8,0,19,0,7,0,3,0
Oversigt Core,com.hlag.oversigt.sources,SqlCountEventSource,197,0,14,0,38,0,14,0,7,0
Oversigt Core,com.hlag.oversigt.sources,AbstractJdbcEventSource.UnpreparedStatementPreventingInvocationHandler,28,0,4,0,7,0,4,0,2,0
Oversigt Core,com.hlag.oversigt.sources,TimelineEventSource,568,0,24,0,126,0,49,0,37,0
Oversigt Core,com.hlag.oversigt.sources,JenkinsPipelineStatusEventSource,516,0,32,0,103,0,31,0,15,0
Oversigt Core,com.hlag.oversigt.sources,CpuUsageGraphEventSource,247,0,10,0,44,0,15,0,10,0
Oversigt Core,com.hlag.oversigt.sources,AbstractDownloadEventSource.DownloadData,15,0,0,0,6,0,3,0,3,0
Oversigt Core,com.hlag.oversigt.sources,WorldMapEventSource.TypeMapping,18,0,0,0,7,0,1,0,1,0
Oversigt Core,com.hlag.oversigt.sources,CpuUsageGraphEventSource.Server,62,0,2,0,10,0,4,0,3,0
Oversigt Core,com.hlag.oversigt.sources,CpuUsageGraphEventSource.OperatingSystem,24,0,0,0,3,0,1,0,1,0
Oversigt Core,com.hlag.oversigt.sources,ExchangeRoomAvailabilityEventSource.RoomAvailabilityListEvent,9,0,0,0,4,0,2,0,2,0
Oversigt Core,com.hlag.oversigt.sources,JenkinsPipelineStatusEventSource.Branch,9,0,0,0,4,0,1,0,1,0
Oversigt Core,com.hlag.oversigt.sources,AbstractJiraEventSource.ShowUnknownCategories,34,0,0,0,4,0,1,0,1,0
Oversigt Core,com.hlag.oversigt.sources,AbstractJdbcEventSource,281,0,8,0,69,0,22,0,18,0
Oversigt Core,com.hlag.oversigt.sources,TimelineEventSource.HolidayNameCorrection,15,0,0,0,6,0,1,0,1,0
Oversigt Core,com.hlag.oversigt.sources,SqlGraphEventSource,329,0,10,0,61,0,22,0,17,0
Oversigt Core,com.hlag.oversigt.sources,AbstractDownloadEventSource,974,0,82,0,171,0,72,0,31,0
Oversigt Core,com.hlag.oversigt.sources,ExchangeRoomAvailabilityEventSource.BusyState,240,0,32,0,44,0,30,0,14,0
Oversigt Core,com.hlag.oversigt.sources,JiraPieChartEventSource,54,0,2,0,12,0,3,0,2,0
Oversigt Core,com.hlag.oversigt.sources,InternetImageEventSource,22,0,0,0,6,0,2,0,2,0
Oversigt Core,com.hlag.oversigt.sources,InternetTextEventSource.MultiResultBehaviour,77,0,0,0,8,0,6,0,6,0
Oversigt Core,com.hlag.oversigt.sources,ExchangeRoomAvailabilityEventSource.TimeSlice,144,0,18,0,32,0,18,0,9,0
Oversigt Core,com.hlag.oversigt.sources,WorldMapEventSource,147,0,6,0,27,0,13,0,10,0
Oversigt Core,com.hlag.oversigt.sources,AbstractJiraEventSource.AggregationType,389,0,22,0,60,0,40,0,29,0
Oversigt Core,com.hlag.oversigt.sources,ExchangeMailboxEventSource,487,0,48,0,88,0,49,0,25,0
Oversigt Core,com.hlag.oversigt.sources,JenkinsPipelineStatusEventSource.Pipeline,10,0,0,0,4,0,1,0,1,0
Oversigt Core,com.hlag.oversigt.sources,JiraBarEventSource,135,0,6,0,28,0,10,0,7,0
Oversigt Core,com.hlag.oversigt.sources,ExchangeRoomAvailabilityEventSource,218,0,8,0,46,0,19,0,15,0
Oversigt Core,com.hlag.oversigt.sources,MotivationEventSource,120,0,4,0,25,0,7,0,5,0
Oversigt Core,com.hlag.oversigt.sources,AbstractDownloadEventSource.InternetAddress,54,0,0,0,13,0,7,0,7,0
Oversigt Core,com.hlag.oversigt.sources,ExchangeTasksEventSource,186,0,11,0,35,0,13,0,7,0
Oversigt Core,com.hlag.oversigt.sources,ExchangeTasksEventSource.Style,57,0,0,0,10,0,4,0,4,0
Oversigt Core,com.hlag.oversigt.sources,AbstractCachingJdbcEventSource,52,0,4,0,15,0,8,0,6,0
Oversigt Core,com.hlag.oversigt.sources,AbstractJiraEventSource,552,0,64,0,123,0,59,0,27,0
Oversigt Core,com.hlag.oversigt.sources,ExchangeRoomAvailabilityEventSource.RoomAvailabilityItem,97,0,6,0,16,0,11,0,8,0
Oversigt Core,com.hlag.oversigt.sources,AbstractGitEventSource,364,0,13,0,71,0,33,0,26,0
Oversigt Core,com.hlag.oversigt.sources,InternetTextExtractionEventSource.ValueExtraction,15,0,0,0,6,0,3,0,3,0
Oversigt Core,com.hlag.oversigt.sources,GitCommittersEventSource,83,0,2,0,15,0,8,0,7,0
Oversigt Core,com.hlag.oversigt.sources,AbstractDownloadEventSource.HttpHeader,15,0,0,0,6,0,3,0,3,0
Oversigt Core,com.hlag.oversigt.sources,AbstractGitCommitEventSource,83,0,2,0,19,0,13,0,12,0
Oversigt Core,com.hlag.oversigt.sources,InternetTextExtractionEventSource.Summarization,110,0,0,0,13,0,7,0,7,0
Oversigt Core,com.hlag.oversigt.sources,AbstractGitEventSource.GitCredentialsProvider,192,0,48,0,26,0,30,0,6,0
Oversigt Core,com.hlag.oversigt.sources,AbstractExchangeEventSource,140,0,16,0,37,0,22,0,14,0
Oversigt Core,com.hlag.oversigt.controller,EventSourceInstanceController,1117,0,62,0,219,0,90,0,59,0
Oversigt Core,com.hlag.oversigt.controller,EventSourceInstanceController.new Service.Listener() {...},29,0,4,0,5,0,4,0,2,0
Oversigt Core,com.hlag.oversigt.controller,EventSourceDescriptorController,1483,0,138,0,285,0,110,0,41,0
Oversigt Core,com.hlag.oversigt.controller,EventSourceNameGenerator,93,0,6,0,22,0,8,0,5,0
Oversigt Core,com.hlag.oversigt.controller,DashboardDesignHelper.StyleAddon,15,0,0,0,6,0,3,0,3,0
Oversigt Core,com.hlag.oversigt.controller,DashboardDesignHelper,314,0,15,0,51,0,21,0,11,0
Oversigt Core,com.hlag.oversigt.controller,DashboardController,841,0,88,0,175,0,81,0,37,0
Oversigt Core,com.hlag.oversigt.controller,EventSourceKey,312,0,19,0,62,0,32,0,22,0
Oversigt Core,com.hlag.oversigt.controller,InvalidKeyException,9,0,0,0,4,0,2,0,2,0
Oversigt Core,com.hlag.oversigt.validate,UserIdValidator,16,0,2,0,7,0,3,0,2,0
Oversigt Core,com.hlag.oversigt.core.event,EventSender,492,0,48,0,105,0,43,0,19,0
Oversigt Core,com.hlag.oversigt.core.event,EventSender.EventSendTask,9,0,0,0,4,0,1,0,1,0
Oversigt Core,com.hlag.oversigt.core.event,JsonEvent,23,0,0,0,5,0,2,0,2,0
Oversigt Core,com.hlag.oversigt.core.event,ErrorEvent,66,0,2,0,15,0,8,0,7,0
Oversigt Core,com.hlag.oversigt.core.event,OversigtEvent,133,0,14,0,42,0,27,0,20,0
Oversigt Core,com.hlag.oversigt.connect.db,DatabaseCache,154,0,20,0,33,0,19,0,9,0
Oversigt Core,com.hlag.oversigt.connect.db,DatabaseCache.new DatabaseCache() {...},13,0,0,0,2,0,2,0,2,0
Oversigt Core,com.hlag.oversigt.model,EventSourceDescriptor.Builder,145,0,0,0,33,0,8,0,8,0
Oversigt Core,com.hlag.oversigt.model,DashboardColorScheme,161,0,6,0,14,0,6,0,3,0
Oversigt Core,com.hlag.oversigt.model,Dashboard,360,0,2,0,105,0,40,0,39,0
Oversigt Core,com.hlag.oversigt.model,EventSourceProperty,179,0,2,0,45,0,20,0,19,0
Oversigt Core,com.hlag.oversigt.model,Widget,310,0,12,0,81,0,42,0,36,0
Oversigt Core,com.hlag.oversigt.model,EventSourceDescriptor,193,0,0,0,33,0,23,0,23,0
Oversigt Core,com.hlag.oversigt.model,EventSourceInstance,362,0,32,0,80,0,46,0,30,0
Oversigt Core,com.hlag.oversigt.storage,JdbcDatabase,1823,226,29,5,311,45,79,12,63,11
Oversigt Core,com.hlag.oversigt.storage,SqliteDialect,135,693,25,41,23,85,29,37,4,26
Oversigt Core,com.hlag.oversigt.storage,DBConstants,6,649,0,0,2,41,1,1,1,1
Oversigt Core,com.hlag.oversigt.storage,AbstractJdbcConnector,516,176,23,11,90,35,38,17,24,14
Oversigt Core,com.hlag.oversigt.storage,SqlDialect.ColumnType,0,84,0,0,0,9,0,1,0,1
Oversigt Core,com.hlag.oversigt.storage,SqlDialect,0,24,0,0,0,3,0,3,0,3
Oversigt Core,com.hlag.oversigt.storage,DatabaseException,44,0,0,0,9,0,5,0,5,0
Oversigt Core,com.hlag.oversigt.storage,SqlDialect.ColumnOptions,6,65,0,0,2,20,2,9,2,9
Oversigt Core,com.hlag.oversigt.connect.jira,JiraClientFilter,9,0,0,0,4,0,2,0,2,0
Oversigt Core,com.hlag.oversigt.connect.jira,JiraClientException,9,0,0,0,4,0,2,0,2,0
Oversigt Core,com.hlag.oversigt.connect.jira,ThreadedJiraClient,60,0,4,0,13,0,6,0,4,0
Oversigt Core,com.hlag.oversigt.connect.jira,JiraClient,6,0,0,0,1,0,1,0,1,0
Oversigt Core,com.hlag.oversigt.connect.jira,UnlimitedJiraClient,101,0,8,0,33,0,8,0,4,0
Oversigt Core,com.hlag.oversigt.connect.jira,JiraClientFactory,43,0,2,0,8,0,5,0,4,0
Oversigt Core,com.hlag.oversigt.util.function,ThrowingBiFunction,19,0,2,0,3,0,2,0,1,0
Oversigt Core,com.hlag.oversigt.util.function,ThrowingIntFunction,18,0,2,0,4,0,3,0,2,0
Oversigt Core,com.hlag.oversigt.util.function,ThrowingConsumer,17,0,2,0,5,0,2,0,1,0
Oversigt Core,com.hlag.oversigt.util.function,ThrowingFunction,18,0,2,0,4,0,3,0,2,0
Oversigt Core,com.hlag.oversigt.connect.ssh,SshConnection,544,0,36,0,132,0,37,0,19,0
Oversigt Core,com.hlag.oversigt.connect.ssh,JSchLogger,56,0,10,0,21,0,11,0,3,0
Oversigt Core,com.hlag.oversigt.connect.ssh,SshConnectionWithPassword,49,0,0,0,12,0,2,0,2,0
Oversigt Core,com.hlag.oversigt.connect.ssh,SshConnectionKey,85,0,12,0,23,0,12,0,6,0
Oversigt Core,com.hlag.oversigt.connect.ssh,SshConnectionWithPassword.FixedUserInfo,21,0,0,0,9,0,7,0,7,0
Oversigt Core,com.hlag.oversigt.core.eventsource,EventSourceStatisticsManager.RunStatistic,51,0,0,0,17,0,9,0,9,0
Oversigt Core,com.hlag.oversigt.core.eventsource,EventSourceStatisticsManager.EventSourceStatistics,86,0,6,0,22,0,11,0,8,0
Oversigt Core,com.hlag.oversigt.core.eventsource,EventSourceStatisticsManager.Action,41,0,0,0,9,0,5,0,5,0
Oversigt Core,com.hlag.oversigt.core.eventsource,NightlyService,28,0,0,0,6,0,2,0,2,0
Oversigt Core,com.hlag.oversigt.core.eventsource,SimpleEventSource,30,0,0,0,8,0,5,0,5,0
Oversigt Core,com.hlag.oversigt.core.eventsource,EventSourceStatisticsManager.StatisticsCollector,108,0,0,0,24,0,8,0,8,0
Oversigt Core,com.hlag.oversigt.core.eventsource,NightlyDashboardReloaderService,56,0,2,0,13,0,7,0,6,0
Oversigt Core,com.hlag.oversigt.core.eventsource,EventSourceStatisticsManager,33,0,0,0,6,0,5,0,5,0
Oversigt Core,com.hlag.oversigt.core.eventsource,ScheduledEventSource,325,0,8,0,66,0,22,0,18,0
Oversigt Core,com.hlag.oversigt.core.eventsource,NightlyEventSourceRestarterService,41,0,0,0,11,0,5,0,5,0
Oversigt Core,com.hlag.oversigt.core.eventsource,EventSourceException,9,0,0,0,4,0,2,0,2,0
Oversigt Core,com.hlag.oversigt.core.eventsource,EventSourceStatisticsManager.StatisticsCollector.StartedAction,33,0,0,0,10,0,3,0,3,0
Oversigt Core,com.hlag.oversigt.sources.event,TwoColumnListEvent.ListEventItem,55,0,0,0,19,0,10,0,10,0
Oversigt Core,com.hlag.oversigt.sources.event,PieChartEvent.Dataset,35,0,0,0,9,0,2,0,2,0
Oversigt Core,com.hlag.oversigt.sources.event,ReloadEvent,28,0,2,0,9,0,5,0,4,0
Oversigt Core,com.hlag.oversigt.sources.event,JenkinsPipelineStatusEvent.JenkinsPipelineEventStatusItem,96,0,0,0,26,0,13,0,13,0
Oversigt Core,com.hlag.oversigt.sources.event,ComplexGraphEvent.Point,23,0,0,0,10,0,5,0,5,0
Oversigt Core,com.hlag.oversigt.sources.event,DoughnutChartEvent,54,0,0,0,9,0,2,0,2,0
Oversigt Core,com.hlag.oversigt.sources.event,DoughnutChartEvent.Dataset,18,0,0,0,5,0,1,0,1,0
Oversigt Core,com.hlag.oversigt.sources.event,GraphEvent,13,0,0,0,6,0,3,0,3,0
Oversigt Core,com.hlag.oversigt.sources.event,MapEvent.Point,150,0,0,0,40,0,12,0,12,0
Oversigt Core,com.hlag.oversigt.sources.event,TimelineEvent.Event,67,0,2,0,16,0,10,0,9,0
Oversigt Core,com.hlag.oversigt.sources.event,ProgressBarEvent.Item,23,0,0,0,10,0,5,0,5,0
Oversigt Core,com.hlag.oversigt.sources.event,HlBarChartEvent,15,0,0,0,6,0,3,0,3,0
Oversigt Core,com.hlag.oversigt.sources.event,ComplexGraphEvent.Series,15,0,0,0,6,0,3,0,3,0
Oversigt Core,com.hlag.oversigt.sources.event,PieChartEvent,45,0,0,0,10,0,4,0,4,0
Oversigt Core,com.hlag.oversigt.sources.event,ListEvent,9,0,0,0,4,0,2,0,2,0
Oversigt Core,com.hlag.oversigt.sources.event,ProgressBarEvent,21,0,0,0,9,0,4,0,4,0
Oversigt Core,com.hlag.oversigt.sources.event,TextEvent,9,0,0,0,4,0,2,0,2,0
Oversigt Core,com.hlag.oversigt.sources.event,StyleEvent,42,0,0,0,8,0,4,0,4,0
Oversigt Core,com.hlag.oversigt.sources.event,GraphEvent.Point,23,0,0,0,10,0,5,0,5,0
Oversigt Core,com.hlag.oversigt.sources.event,TimelineEvent,195,0,22,0,39,0,23,0,12,0
Oversigt Core,com.hlag.oversigt.sources.event,MapEvent,13,0,0,0,4,0,1,0,1,0
Oversigt Core,com.hlag.oversigt.sources.event,BarChartEvent,73,0,4,0,16,0,8,0,6,0
Oversigt Core,com.hlag.oversigt.sources.event,ComplexGraphEvent,31,0,0,0,12,0,5,0,5,0
Oversigt Core,com.hlag.oversigt.sources.event,TwoColumnListEvent,4,0,0,0,2,0,1,0,1,0
Oversigt Core,com.hlag.oversigt.sources.event,HlBarChartEvent.Serie,46,0,0,0,8,0,4,0,4,0
Oversigt Core,com.hlag.oversigt.sources.event,MeterEvent,18,0,0,0,8,0,3,0,3,0
Oversigt Core,com.hlag.oversigt.sources.event,BarChartEvent.Dataset,64,0,0,0,18,0,7,0,7,0
Oversigt Core,com.hlag.oversigt.sources.event,JenkinsPipelineStatusEvent,4,0,0,0,2,0,1,0,1,0
Oversigt Core,com.hlag.oversigt.sources.event,NumberEvent,15,0,0,0,6,0,3,0,3,0
Oversigt Core,com.hlag.oversigt.sources.event,HlBarChartEvent.Category,21,0,0,0,8,0,4,0,4,0
Oversigt Core,com.hlag.oversigt.core,HttpHandlers.AssetsClassPathResourceManager,61,0,2,0,13,0,5,0,4,0
Oversigt Core,com.hlag.oversigt.core,CommandLineOptions,39,70,0,0,12,16,3,9,3,9
Oversigt Core,com.hlag.oversigt.core,OversigtServer.OversigtServerListener,46,0,2,0,15,0,6,0,5,0
Oversigt Core,com.hlag.oversigt.core,Oversigt,240,0,14,0,56,0,15,0,8,0
Oversigt Core,com.hlag.oversigt.core,OversigtServer,279,0,8,0,70,0,11,0,7,0
Oversigt Core,com.hlag.oversigt.core,HttpHandlers,1151,0,50,0,238,0,68,0,42,0
Oversigt Core,com.hlag.oversigt.core,Oversigt.Builder,103,0,0,0,16,0,5,0,5,0
Oversigt Core,com.hlag.oversigt.core,OversigtServer.new Consumer() {...},26,0,2,0,7,0,4,0,3,0
